"Comparison","P_value","Adjusted_P_value"
"Environment 883 vs Food",0.328748429910823,0.328748429910823
"Environment 883 vs Human 9034",3.44509132969379e-34,1.03352739890814e-33
"Environment 883 vs Livestock 3578",1.72977777432399e-11,2.59466666148598e-11
"Food vs Human 9034",1.74409289383457e-20,3.48818578766914e-20
"Food vs Livestock 3578",0.000229299285739321,0.000275159142887185
"Human 9034 vs Livestock 3578",2.98263826029855e-201,1.78958295617913e-200
